field_name,short_description,long_description
TAZID,"TAZ identifier","Internal model TAZ number for the origin zone being reported. Dummy and external zones are excluded and the script prints rows only for zones with positive developable acres."
CO_TAZID,"County TAZ identifier","County or local TAZ identifier from the TAZ input DBF. This is carried with the model TAZID for reporting and joins."
DevAcres,"Developable acres","Developable acreage for the TAZ from the TAZ input. The script filters the output to zones with positive DEVACRES in Urbanization.dbf."
HH,"Households","Total households in the TAZ from SE_File.dbf TOTHH. This is used to convert access-to-jobs scores into realized access for residents."
Job,"Jobs","Total employment in the TAZ from SE_File.dbf TOTEMP. This is used to convert access-to-households scores into realized access for jobs or workplaces."
Job_byAuto,"Potential access to jobs by auto","Time-decay weighted jobs reachable from the TAZ by congested peak auto. The script sums destination jobs after applying the auto ATO weight based on average AM forward and PM reverse general purpose travel time."
Job_byTran,"Potential access to jobs by transit","Time-decay weighted jobs reachable from the TAZ by peak transit. The value is the higher of walk-access transit and drive-access transit access to jobs."
Job_byBike,"Potential access to jobs by bike","Time-decay weighted jobs reachable from the TAZ by bicycle. Bike travel time is based on straight-line distance between TAZ centroids and the model bike speed."
Job_byWalk,"Potential access to jobs by walk","Time-decay weighted jobs reachable from the TAZ by walking. Walk travel time is based on straight-line distance between TAZ centroids and the model walk speed."
act_Job_byAuto,"Realized access to jobs by auto","Job_byAuto multiplied by households in the origin TAZ. Realized means the potential access score is weighted by the number of households that benefit from it so it represents aggregate resident access rather than access for one representative household."
act_Job_byTran,"Realized access to jobs by transit","Job_byTran multiplied by households in the origin TAZ. Realized means the potential access score is weighted by the number of households that benefit from it so it represents aggregate resident access rather than access for one representative household."
act_Job_byBike,"Realized access to jobs by bike","Job_byBike multiplied by households in the origin TAZ. Realized means the potential access score is weighted by the number of households that benefit from it so it represents aggregate resident access rather than access for one representative household."
act_Job_byWalk,"Realized access to jobs by walk","Job_byWalk multiplied by households in the origin TAZ. Realized means the potential access score is weighted by the number of households that benefit from it so it represents aggregate resident access rather than access for one representative household."
Loss_Job_Cong,"Congestion loss in job access","Computed as Job_byAuto minus tmp_Job_byAuto_FF. It is the signed difference between congested peak auto access and free-flow auto access to jobs; negative values indicate access reduced by congestion."
Loss_Job_Net,"Network loss in job access","Computed as tmp_Job_byAuto_FF minus tmp_Job_byAuto_SL. It is the signed difference between free-flow network access and straight-line reference access to jobs; negative values indicate access reduced by network circuity."
Loss_Job_Abs,"Total auto loss in job access","Computed as Loss_Job_Cong plus Loss_Job_Net which is equivalent to Job_byAuto minus tmp_Job_byAuto_SL. It captures the total signed difference between congested auto access and the straight-line reference for jobs."
act_Loss_Job_Cong,"Realized congestion loss in job access","Computed as act_Job_byAuto minus act_Job_byAuto_FF in the script logic. This is the congestion-related job access difference weighted by households in the origin TAZ."
act_Loss_Job_Net,"Realized network loss in job access","Computed as act_Job_byAuto_FF minus act_Job_byAuto_SL in the script logic. This is the network-circuity job access difference weighted by households in the origin TAZ."
act_Loss_Job_Abs,"Realized total auto loss in job access","Computed as act_Loss_Job_Cong plus act_Loss_Job_Net. This is the total auto job-access difference from congested network travel to the straight-line reference weighted by households in the origin TAZ."
HH_byAuto,"Potential access to households by auto","Time-decay weighted households reachable from the TAZ by congested peak auto. The script sums destination households after applying the auto ATO weight based on average AM forward and PM reverse general purpose travel time."
HH_byTran,"Potential access to households by transit","Time-decay weighted households reachable from the TAZ by peak transit. The value is the higher of walk-access transit and drive-access transit access to households."
HH_byBike,"Potential access to households by bike","Time-decay weighted households reachable from the TAZ by bicycle. Bike travel time is based on straight-line distance between TAZ centroids and the model bike speed."
HH_byWalk,"Potential access to households by walk","Time-decay weighted households reachable from the TAZ by walking. Walk travel time is based on straight-line distance between TAZ centroids and the model walk speed."
act_HH_byAuto,"Realized access to households by auto","HH_byAuto multiplied by jobs in the origin TAZ. Realized means the potential access score is weighted by the number of jobs or workplaces that benefit from it so it represents aggregate workplace access to households rather than access for one representative job."
act_HH_byTran,"Realized access to households by transit","HH_byTran multiplied by jobs in the origin TAZ. Realized means the potential access score is weighted by the number of jobs or workplaces that benefit from it so it represents aggregate workplace access to households rather than access for one representative job."
act_HH_byBike,"Realized access to households by bike","HH_byBike multiplied by jobs in the origin TAZ. Realized means the potential access score is weighted by the number of jobs or workplaces that benefit from it so it represents aggregate workplace access to households rather than access for one representative job."
act_HH_byWalk,"Realized access to households by walk","HH_byWalk multiplied by jobs in the origin TAZ. Realized means the potential access score is weighted by the number of jobs or workplaces that benefit from it so it represents aggregate workplace access to households rather than access for one representative job."
Loss_HH_Cong,"Congestion loss in household access","Computed as HH_byAuto minus tmp_HH_byAuto_FF. It is the signed difference between congested peak auto access and free-flow auto access to households; negative values indicate access reduced by congestion."
Loss_HH_Net,"Network loss in household access","Computed as tmp_HH_byAuto_FF minus tmp_HH_byAuto_SL. It is the signed difference between free-flow network access and straight-line reference access to households; negative values indicate access reduced by network circuity."
Loss_HH_Abs,"Total auto loss in household access","Computed as Loss_HH_Cong plus Loss_HH_Net which is equivalent to HH_byAuto minus tmp_HH_byAuto_SL. It captures the total signed difference between congested auto access and the straight-line reference for households."
act_Loss_HH_Cong,"Realized congestion loss in household access","Computed as act_HH_byAuto minus act_HH_byAuto_FF in the script logic. This is the congestion-related household access difference weighted by jobs in the origin TAZ."
act_Loss_HH_Net,"Realized network loss in household access","Computed as act_HH_byAuto_FF minus act_HH_byAuto_SL in the script logic. This is the network-circuity household access difference weighted by jobs in the origin TAZ."
act_Loss_HH_Abs,"Realized total auto loss in household access","Computed as act_Loss_HH_Cong plus act_Loss_HH_Net. This is the total auto household-access difference from congested network travel to the straight-line reference weighted by jobs in the origin TAZ."
tmp_Job_byTran_wk,"Walk-access transit job access","Intermediate potential access to jobs by walk-access peak transit. The script takes the best of the w4 through w9 peak transit skims before comparing it with drive-access transit."
tmp_Job_byTran_dr,"Drive-access transit job access","Intermediate potential access to jobs by drive-access peak transit. The script takes the best of the d4 through d9 peak transit skims before comparing it with walk-access transit."
tmp_HH_byTran_wk,"Walk-access transit household access","Intermediate potential access to households by walk-access peak transit. The script takes the best of the w4 through w9 peak transit skims before comparing it with drive-access transit."
tmp_HH_byTran_dr,"Drive-access transit household access","Intermediate potential access to households by drive-access peak transit. The script takes the best of the d4 through d9 peak transit skims before comparing it with walk-access transit."
tmp_Job_byAuto_FF,"Free-flow auto job access","Intermediate potential access to jobs by auto using free-flow travel time. It is used as the reference for congestion loss calculations."
tmp_Job_byAuto_SL,"Straight-line auto job access","Intermediate potential access to jobs using straight-line travel time. Straight-line time is based on centroid distance and average free-flow auto speed for the origin-destination pair."
tmp_HH_byAuto_FF,"Free-flow auto household access","Intermediate potential access to households by auto using free-flow travel time. It is used as the reference for congestion loss calculations."
tmp_HH_byAuto_SL,"Straight-line auto household access","Intermediate potential access to households using straight-line travel time. Straight-line time is based on centroid distance and average free-flow auto speed for the origin-destination pair."
Job_byAuto_rel_MAG,"Relative access to jobs by auto vs MAG","Zone Job_byAuto divided by the MAG household-weighted average for Job_byAuto. The denominator is sum(act_Job_byAuto) divided by sum(HH) within that geography. Values above 1 are above average and values below 1 are below average."
Job_byTran_rel_MAG,"Relative access to jobs by transit vs MAG","Zone Job_byTran divided by the MAG household-weighted average for Job_byTran. The denominator is sum(act_Job_byTran) divided by sum(HH) within that geography. Values above 1 are above average and values below 1 are below average."
Job_byBike_rel_MAG,"Relative access to jobs by bike vs MAG","Zone Job_byBike divided by the MAG household-weighted average for Job_byBike. The denominator is sum(act_Job_byBike) divided by sum(HH) within that geography. Values above 1 are above average and values below 1 are below average."
Job_byWalk_rel_MAG,"Relative access to jobs by walk vs MAG","Zone Job_byWalk divided by the MAG household-weighted average for Job_byWalk. The denominator is sum(act_Job_byWalk) divided by sum(HH) within that geography. Values above 1 are above average and values below 1 are below average."
HH_byAuto_rel_MAG,"Relative access to households by auto vs MAG","Zone HH_byAuto divided by the MAG job-weighted average for HH_byAuto. The denominator is sum(act_HH_byAuto) divided by sum(Job) within that geography. Values above 1 are above average and values below 1 are below average."
HH_byTran_rel_MAG,"Relative access to households by transit vs MAG","Zone HH_byTran divided by the MAG job-weighted average for HH_byTran. The denominator is sum(act_HH_byTran) divided by sum(Job) within that geography. Values above 1 are above average and values below 1 are below average."
HH_byBike_rel_MAG,"Relative access to households by bike vs MAG","Zone HH_byBike divided by the MAG job-weighted average for HH_byBike. The denominator is sum(act_HH_byBike) divided by sum(Job) within that geography. Values above 1 are above average and values below 1 are below average."
HH_byWalk_rel_MAG,"Relative access to households by walk vs MAG","Zone HH_byWalk divided by the MAG job-weighted average for HH_byWalk. The denominator is sum(act_HH_byWalk) divided by sum(Job) within that geography. Values above 1 are above average and values below 1 are below average."
Job_byAuto_rel_WFRC,"Relative access to jobs by auto vs WFRC","Zone Job_byAuto divided by the WFRC household-weighted average for Job_byAuto. The denominator is sum(act_Job_byAuto) divided by sum(HH) within that geography. Values above 1 are above average and values below 1 are below average."
Job_byTran_rel_WFRC,"Relative access to jobs by transit vs WFRC","Zone Job_byTran divided by the WFRC household-weighted average for Job_byTran. The denominator is sum(act_Job_byTran) divided by sum(HH) within that geography. Values above 1 are above average and values below 1 are below average."
Job_byBike_rel_WFRC,"Relative access to jobs by bike vs WFRC","Zone Job_byBike divided by the WFRC household-weighted average for Job_byBike. The denominator is sum(act_Job_byBike) divided by sum(HH) within that geography. Values above 1 are above average and values below 1 are below average."
Job_byWalk_rel_WFRC,"Relative access to jobs by walk vs WFRC","Zone Job_byWalk divided by the WFRC household-weighted average for Job_byWalk. The denominator is sum(act_Job_byWalk) divided by sum(HH) within that geography. Values above 1 are above average and values below 1 are below average."
HH_byAuto_rel_WFRC,"Relative access to households by auto vs WFRC","Zone HH_byAuto divided by the WFRC job-weighted average for HH_byAuto. The denominator is sum(act_HH_byAuto) divided by sum(Job) within that geography. Values above 1 are above average and values below 1 are below average."
HH_byTran_rel_WFRC,"Relative access to households by transit vs WFRC","Zone HH_byTran divided by the WFRC job-weighted average for HH_byTran. The denominator is sum(act_HH_byTran) divided by sum(Job) within that geography. Values above 1 are above average and values below 1 are below average."
HH_byBike_rel_WFRC,"Relative access to households by bike vs WFRC","Zone HH_byBike divided by the WFRC job-weighted average for HH_byBike. The denominator is sum(act_HH_byBike) divided by sum(Job) within that geography. Values above 1 are above average and values below 1 are below average."
HH_byWalk_rel_WFRC,"Relative access to households by walk vs WFRC","Zone HH_byWalk divided by the WFRC job-weighted average for HH_byWalk. The denominator is sum(act_HH_byWalk) divided by sum(Job) within that geography. Values above 1 are above average and values below 1 are below average."
Job_byAuto_rel_BOX_ELDER,"Relative access to jobs by auto vs BOX_ELDER","Zone Job_byAuto divided by the BOX_ELDER household-weighted average for Job_byAuto. The denominator is sum(act_Job_byAuto) divided by sum(HH) within that geography. Values above 1 are above average and values below 1 are below average."
Job_byTran_rel_BOX_ELDER,"Relative access to jobs by transit vs BOX_ELDER","Zone Job_byTran divided by the BOX_ELDER household-weighted average for Job_byTran. The denominator is sum(act_Job_byTran) divided by sum(HH) within that geography. Values above 1 are above average and values below 1 are below average."
Job_byBike_rel_BOX_ELDER,"Relative access to jobs by bike vs BOX_ELDER","Zone Job_byBike divided by the BOX_ELDER household-weighted average for Job_byBike. The denominator is sum(act_Job_byBike) divided by sum(HH) within that geography. Values above 1 are above average and values below 1 are below average."
Job_byWalk_rel_BOX_ELDER,"Relative access to jobs by walk vs BOX_ELDER","Zone Job_byWalk divided by the BOX_ELDER household-weighted average for Job_byWalk. The denominator is sum(act_Job_byWalk) divided by sum(HH) within that geography. Values above 1 are above average and values below 1 are below average."
HH_byAuto_rel_BOX_ELDER,"Relative access to households by auto vs BOX_ELDER","Zone HH_byAuto divided by the BOX_ELDER job-weighted average for HH_byAuto. The denominator is sum(act_HH_byAuto) divided by sum(Job) within that geography. Values above 1 are above average and values below 1 are below average."
HH_byTran_rel_BOX_ELDER,"Relative access to households by transit vs BOX_ELDER","Zone HH_byTran divided by the BOX_ELDER job-weighted average for HH_byTran. The denominator is sum(act_HH_byTran) divided by sum(Job) within that geography. Values above 1 are above average and values below 1 are below average."
HH_byBike_rel_BOX_ELDER,"Relative access to households by bike vs BOX_ELDER","Zone HH_byBike divided by the BOX_ELDER job-weighted average for HH_byBike. The denominator is sum(act_HH_byBike) divided by sum(Job) within that geography. Values above 1 are above average and values below 1 are below average."
HH_byWalk_rel_BOX_ELDER,"Relative access to households by walk vs BOX_ELDER","Zone HH_byWalk divided by the BOX_ELDER job-weighted average for HH_byWalk. The denominator is sum(act_HH_byWalk) divided by sum(Job) within that geography. Values above 1 are above average and values below 1 are below average."
Job_byAuto_rel_DAVIS,"Relative access to jobs by auto vs DAVIS","Zone Job_byAuto divided by the DAVIS household-weighted average for Job_byAuto. The denominator is sum(act_Job_byAuto) divided by sum(HH) within that geography. Values above 1 are above average and values below 1 are below average."
Job_byTran_rel_DAVIS,"Relative access to jobs by transit vs DAVIS","Zone Job_byTran divided by the DAVIS household-weighted average for Job_byTran. The denominator is sum(act_Job_byTran) divided by sum(HH) within that geography. Values above 1 are above average and values below 1 are below average."
Job_byBike_rel_DAVIS,"Relative access to jobs by bike vs DAVIS","Zone Job_byBike divided by the DAVIS household-weighted average for Job_byBike. The denominator is sum(act_Job_byBike) divided by sum(HH) within that geography. Values above 1 are above average and values below 1 are below average."
Job_byWalk_rel_DAVIS,"Relative access to jobs by walk vs DAVIS","Zone Job_byWalk divided by the DAVIS household-weighted average for Job_byWalk. The denominator is sum(act_Job_byWalk) divided by sum(HH) within that geography. Values above 1 are above average and values below 1 are below average."
HH_byAuto_rel_DAVIS,"Relative access to households by auto vs DAVIS","Zone HH_byAuto divided by the DAVIS job-weighted average for HH_byAuto. The denominator is sum(act_HH_byAuto) divided by sum(Job) within that geography. Values above 1 are above average and values below 1 are below average."
HH_byTran_rel_DAVIS,"Relative access to households by transit vs DAVIS","Zone HH_byTran divided by the DAVIS job-weighted average for HH_byTran. The denominator is sum(act_HH_byTran) divided by sum(Job) within that geography. Values above 1 are above average and values below 1 are below average."
HH_byBike_rel_DAVIS,"Relative access to households by bike vs DAVIS","Zone HH_byBike divided by the DAVIS job-weighted average for HH_byBike. The denominator is sum(act_HH_byBike) divided by sum(Job) within that geography. Values above 1 are above average and values below 1 are below average."
HH_byWalk_rel_DAVIS,"Relative access to households by walk vs DAVIS","Zone HH_byWalk divided by the DAVIS job-weighted average for HH_byWalk. The denominator is sum(act_HH_byWalk) divided by sum(Job) within that geography. Values above 1 are above average and values below 1 are below average."
Job_byAuto_rel_SALT_LAKE,"Relative access to jobs by auto vs SALT_LAKE","Zone Job_byAuto divided by the SALT_LAKE household-weighted average for Job_byAuto. The denominator is sum(act_Job_byAuto) divided by sum(HH) within that geography. Values above 1 are above average and values below 1 are below average."
Job_byTran_rel_SALT_LAKE,"Relative access to jobs by transit vs SALT_LAKE","Zone Job_byTran divided by the SALT_LAKE household-weighted average for Job_byTran. The denominator is sum(act_Job_byTran) divided by sum(HH) within that geography. Values above 1 are above average and values below 1 are below average."
Job_byBike_rel_SALT_LAKE,"Relative access to jobs by bike vs SALT_LAKE","Zone Job_byBike divided by the SALT_LAKE household-weighted average for Job_byBike. The denominator is sum(act_Job_byBike) divided by sum(HH) within that geography. Values above 1 are above average and values below 1 are below average."
Job_byWalk_rel_SALT_LAKE,"Relative access to jobs by walk vs SALT_LAKE","Zone Job_byWalk divided by the SALT_LAKE household-weighted average for Job_byWalk. The denominator is sum(act_Job_byWalk) divided by sum(HH) within that geography. Values above 1 are above average and values below 1 are below average."
HH_byAuto_rel_SALT_LAKE,"Relative access to households by auto vs SALT_LAKE","Zone HH_byAuto divided by the SALT_LAKE job-weighted average for HH_byAuto. The denominator is sum(act_HH_byAuto) divided by sum(Job) within that geography. Values above 1 are above average and values below 1 are below average."
HH_byTran_rel_SALT_LAKE,"Relative access to households by transit vs SALT_LAKE","Zone HH_byTran divided by the SALT_LAKE job-weighted average for HH_byTran. The denominator is sum(act_HH_byTran) divided by sum(Job) within that geography. Values above 1 are above average and values below 1 are below average."
HH_byBike_rel_SALT_LAKE,"Relative access to households by bike vs SALT_LAKE","Zone HH_byBike divided by the SALT_LAKE job-weighted average for HH_byBike. The denominator is sum(act_HH_byBike) divided by sum(Job) within that geography. Values above 1 are above average and values below 1 are below average."
HH_byWalk_rel_SALT_LAKE,"Relative access to households by walk vs SALT_LAKE","Zone HH_byWalk divided by the SALT_LAKE job-weighted average for HH_byWalk. The denominator is sum(act_HH_byWalk) divided by sum(Job) within that geography. Values above 1 are above average and values below 1 are below average."
Job_byAuto_rel_UTAH,"Relative access to jobs by auto vs UTAH","Zone Job_byAuto divided by the UTAH household-weighted average for Job_byAuto. The denominator is sum(act_Job_byAuto) divided by sum(HH) within that geography. Values above 1 are above average and values below 1 are below average."
Job_byTran_rel_UTAH,"Relative access to jobs by transit vs UTAH","Zone Job_byTran divided by the UTAH household-weighted average for Job_byTran. The denominator is sum(act_Job_byTran) divided by sum(HH) within that geography. Values above 1 are above average and values below 1 are below average."
Job_byBike_rel_UTAH,"Relative access to jobs by bike vs UTAH","Zone Job_byBike divided by the UTAH household-weighted average for Job_byBike. The denominator is sum(act_Job_byBike) divided by sum(HH) within that geography. Values above 1 are above average and values below 1 are below average."
Job_byWalk_rel_UTAH,"Relative access to jobs by walk vs UTAH","Zone Job_byWalk divided by the UTAH household-weighted average for Job_byWalk. The denominator is sum(act_Job_byWalk) divided by sum(HH) within that geography. Values above 1 are above average and values below 1 are below average."
HH_byAuto_rel_UTAH,"Relative access to households by auto vs UTAH","Zone HH_byAuto divided by the UTAH job-weighted average for HH_byAuto. The denominator is sum(act_HH_byAuto) divided by sum(Job) within that geography. Values above 1 are above average and values below 1 are below average."
HH_byTran_rel_UTAH,"Relative access to households by transit vs UTAH","Zone HH_byTran divided by the UTAH job-weighted average for HH_byTran. The denominator is sum(act_HH_byTran) divided by sum(Job) within that geography. Values above 1 are above average and values below 1 are below average."
HH_byBike_rel_UTAH,"Relative access to households by bike vs UTAH","Zone HH_byBike divided by the UTAH job-weighted average for HH_byBike. The denominator is sum(act_HH_byBike) divided by sum(Job) within that geography. Values above 1 are above average and values below 1 are below average."
HH_byWalk_rel_UTAH,"Relative access to households by walk vs UTAH","Zone HH_byWalk divided by the UTAH job-weighted average for HH_byWalk. The denominator is sum(act_HH_byWalk) divided by sum(Job) within that geography. Values above 1 are above average and values below 1 are below average."
Job_byAuto_rel_WEBER,"Relative access to jobs by auto vs WEBER","Zone Job_byAuto divided by the WEBER household-weighted average for Job_byAuto. The denominator is sum(act_Job_byAuto) divided by sum(HH) within that geography. Values above 1 are above average and values below 1 are below average."
Job_byTran_rel_WEBER,"Relative access to jobs by transit vs WEBER","Zone Job_byTran divided by the WEBER household-weighted average for Job_byTran. The denominator is sum(act_Job_byTran) divided by sum(HH) within that geography. Values above 1 are above average and values below 1 are below average."
Job_byBike_rel_WEBER,"Relative access to jobs by bike vs WEBER","Zone Job_byBike divided by the WEBER household-weighted average for Job_byBike. The denominator is sum(act_Job_byBike) divided by sum(HH) within that geography. Values above 1 are above average and values below 1 are below average."
Job_byWalk_rel_WEBER,"Relative access to jobs by walk vs WEBER","Zone Job_byWalk divided by the WEBER household-weighted average for Job_byWalk. The denominator is sum(act_Job_byWalk) divided by sum(HH) within that geography. Values above 1 are above average and values below 1 are below average."
HH_byAuto_rel_WEBER,"Relative access to households by auto vs WEBER","Zone HH_byAuto divided by the WEBER job-weighted average for HH_byAuto. The denominator is sum(act_HH_byAuto) divided by sum(Job) within that geography. Values above 1 are above average and values below 1 are below average."
HH_byTran_rel_WEBER,"Relative access to households by transit vs WEBER","Zone HH_byTran divided by the WEBER job-weighted average for HH_byTran. The denominator is sum(act_HH_byTran) divided by sum(Job) within that geography. Values above 1 are above average and values below 1 are below average."
HH_byBike_rel_WEBER,"Relative access to households by bike vs WEBER","Zone HH_byBike divided by the WEBER job-weighted average for HH_byBike. The denominator is sum(act_HH_byBike) divided by sum(Job) within that geography. Values above 1 are above average and values below 1 are below average."
HH_byWalk_rel_WEBER,"Relative access to households by walk vs WEBER","Zone HH_byWalk divided by the WEBER job-weighted average for HH_byWalk. The denominator is sum(act_HH_byWalk) divided by sum(Job) within that geography. Values above 1 are above average and values below 1 are below average."
Job_byAuto_rel_Box_Elder_County,"Relative access to jobs by auto vs Box Elder County","Zone Job_byAuto divided by the Box Elder County household-weighted average for Job_byAuto. The denominator is sum(act_Job_byAuto) divided by sum(HH) within that geography. Values above 1 are above average and values below 1 are below average."
Job_byTran_rel_Box_Elder_County,"Relative access to jobs by transit vs Box Elder County","Zone Job_byTran divided by the Box Elder County household-weighted average for Job_byTran. The denominator is sum(act_Job_byTran) divided by sum(HH) within that geography. Values above 1 are above average and values below 1 are below average."
Job_byBike_rel_Box_Elder_County,"Relative access to jobs by bike vs Box Elder County","Zone Job_byBike divided by the Box Elder County household-weighted average for Job_byBike. The denominator is sum(act_Job_byBike) divided by sum(HH) within that geography. Values above 1 are above average and values below 1 are below average."
Job_byWalk_rel_Box_Elder_County,"Relative access to jobs by walk vs Box Elder County","Zone Job_byWalk divided by the Box Elder County household-weighted average for Job_byWalk. The denominator is sum(act_Job_byWalk) divided by sum(HH) within that geography. Values above 1 are above average and values below 1 are below average."
HH_byAuto_rel_Box_Elder_County,"Relative access to households by auto vs Box Elder County","Zone HH_byAuto divided by the Box Elder County job-weighted average for HH_byAuto. The denominator is sum(act_HH_byAuto) divided by sum(Job) within that geography. Values above 1 are above average and values below 1 are below average."
HH_byTran_rel_Box_Elder_County,"Relative access to households by transit vs Box Elder County","Zone HH_byTran divided by the Box Elder County job-weighted average for HH_byTran. The denominator is sum(act_HH_byTran) divided by sum(Job) within that geography. Values above 1 are above average and values below 1 are below average."
HH_byBike_rel_Box_Elder_County,"Relative access to households by bike vs Box Elder County","Zone HH_byBike divided by the Box Elder County job-weighted average for HH_byBike. The denominator is sum(act_HH_byBike) divided by sum(Job) within that geography. Values above 1 are above average and values below 1 are below average."
HH_byWalk_rel_Box_Elder_County,"Relative access to households by walk vs Box Elder County","Zone HH_byWalk divided by the Box Elder County job-weighted average for HH_byWalk. The denominator is sum(act_HH_byWalk) divided by sum(Job) within that geography. Values above 1 are above average and values below 1 are below average."
Job_byAuto_rel_Central_Utah_County,"Relative access to jobs by auto vs Central Utah County","Zone Job_byAuto divided by the Central Utah County household-weighted average for Job_byAuto. The denominator is sum(act_Job_byAuto) divided by sum(HH) within that geography. Values above 1 are above average and values below 1 are below average."
Job_byTran_rel_Central_Utah_County,"Relative access to jobs by transit vs Central Utah County","Zone Job_byTran divided by the Central Utah County household-weighted average for Job_byTran. The denominator is sum(act_Job_byTran) divided by sum(HH) within that geography. Values above 1 are above average and values below 1 are below average."
Job_byBike_rel_Central_Utah_County,"Relative access to jobs by bike vs Central Utah County","Zone Job_byBike divided by the Central Utah County household-weighted average for Job_byBike. The denominator is sum(act_Job_byBike) divided by sum(HH) within that geography. Values above 1 are above average and values below 1 are below average."
Job_byWalk_rel_Central_Utah_County,"Relative access to jobs by walk vs Central Utah County","Zone Job_byWalk divided by the Central Utah County household-weighted average for Job_byWalk. The denominator is sum(act_Job_byWalk) divided by sum(HH) within that geography. Values above 1 are above average and values below 1 are below average."
HH_byAuto_rel_Central_Utah_County,"Relative access to households by auto vs Central Utah County","Zone HH_byAuto divided by the Central Utah County job-weighted average for HH_byAuto. The denominator is sum(act_HH_byAuto) divided by sum(Job) within that geography. Values above 1 are above average and values below 1 are below average."
HH_byTran_rel_Central_Utah_County,"Relative access to households by transit vs Central Utah County","Zone HH_byTran divided by the Central Utah County job-weighted average for HH_byTran. The denominator is sum(act_HH_byTran) divided by sum(Job) within that geography. Values above 1 are above average and values below 1 are below average."
HH_byBike_rel_Central_Utah_County,"Relative access to households by bike vs Central Utah County","Zone HH_byBike divided by the Central Utah County job-weighted average for HH_byBike. The denominator is sum(act_HH_byBike) divided by sum(Job) within that geography. Values above 1 are above average and values below 1 are below average."
HH_byWalk_rel_Central_Utah_County,"Relative access to households by walk vs Central Utah County","Zone HH_byWalk divided by the Central Utah County job-weighted average for HH_byWalk. The denominator is sum(act_HH_byWalk) divided by sum(Job) within that geography. Values above 1 are above average and values below 1 are below average."
Job_byAuto_rel_North_Utah_County,"Relative access to jobs by auto vs North Utah County","Zone Job_byAuto divided by the North Utah County household-weighted average for Job_byAuto. The denominator is sum(act_Job_byAuto) divided by sum(HH) within that geography. Values above 1 are above average and values below 1 are below average."
Job_byTran_rel_North_Utah_County,"Relative access to jobs by transit vs North Utah County","Zone Job_byTran divided by the North Utah County household-weighted average for Job_byTran. The denominator is sum(act_Job_byTran) divided by sum(HH) within that geography. Values above 1 are above average and values below 1 are below average."
Job_byBike_rel_North_Utah_County,"Relative access to jobs by bike vs North Utah County","Zone Job_byBike divided by the North Utah County household-weighted average for Job_byBike. The denominator is sum(act_Job_byBike) divided by sum(HH) within that geography. Values above 1 are above average and values below 1 are below average."
Job_byWalk_rel_North_Utah_County,"Relative access to jobs by walk vs North Utah County","Zone Job_byWalk divided by the North Utah County household-weighted average for Job_byWalk. The denominator is sum(act_Job_byWalk) divided by sum(HH) within that geography. Values above 1 are above average and values below 1 are below average."
HH_byAuto_rel_North_Utah_County,"Relative access to households by auto vs North Utah County","Zone HH_byAuto divided by the North Utah County job-weighted average for HH_byAuto. The denominator is sum(act_HH_byAuto) divided by sum(Job) within that geography. Values above 1 are above average and values below 1 are below average."
HH_byTran_rel_North_Utah_County,"Relative access to households by transit vs North Utah County","Zone HH_byTran divided by the North Utah County job-weighted average for HH_byTran. The denominator is sum(act_HH_byTran) divided by sum(Job) within that geography. Values above 1 are above average and values below 1 are below average."
HH_byBike_rel_North_Utah_County,"Relative access to households by bike vs North Utah County","Zone HH_byBike divided by the North Utah County job-weighted average for HH_byBike. The denominator is sum(act_HH_byBike) divided by sum(Job) within that geography. Values above 1 are above average and values below 1 are below average."
HH_byWalk_rel_North_Utah_County,"Relative access to households by walk vs North Utah County","Zone HH_byWalk divided by the North Utah County job-weighted average for HH_byWalk. The denominator is sum(act_HH_byWalk) divided by sum(Job) within that geography. Values above 1 are above average and values below 1 are below average."
Job_byAuto_rel_Northern_Davis_County,"Relative access to jobs by auto vs Northern Davis County","Zone Job_byAuto divided by the Northern Davis County household-weighted average for Job_byAuto. The denominator is sum(act_Job_byAuto) divided by sum(HH) within that geography. Values above 1 are above average and values below 1 are below average."
Job_byTran_rel_Northern_Davis_County,"Relative access to jobs by transit vs Northern Davis County","Zone Job_byTran divided by the Northern Davis County household-weighted average for Job_byTran. The denominator is sum(act_Job_byTran) divided by sum(HH) within that geography. Values above 1 are above average and values below 1 are below average."
Job_byBike_rel_Northern_Davis_County,"Relative access to jobs by bike vs Northern Davis County","Zone Job_byBike divided by the Northern Davis County household-weighted average for Job_byBike. The denominator is sum(act_Job_byBike) divided by sum(HH) within that geography. Values above 1 are above average and values below 1 are below average."
Job_byWalk_rel_Northern_Davis_County,"Relative access to jobs by walk vs Northern Davis County","Zone Job_byWalk divided by the Northern Davis County household-weighted average for Job_byWalk. The denominator is sum(act_Job_byWalk) divided by sum(HH) within that geography. Values above 1 are above average and values below 1 are below average."
HH_byAuto_rel_Northern_Davis_County,"Relative access to households by auto vs Northern Davis County","Zone HH_byAuto divided by the Northern Davis County job-weighted average for HH_byAuto. The denominator is sum(act_HH_byAuto) divided by sum(Job) within that geography. Values above 1 are above average and values below 1 are below average."
HH_byTran_rel_Northern_Davis_County,"Relative access to households by transit vs Northern Davis County","Zone HH_byTran divided by the Northern Davis County job-weighted average for HH_byTran. The denominator is sum(act_HH_byTran) divided by sum(Job) within that geography. Values above 1 are above average and values below 1 are below average."
HH_byBike_rel_Northern_Davis_County,"Relative access to households by bike vs Northern Davis County","Zone HH_byBike divided by the Northern Davis County job-weighted average for HH_byBike. The denominator is sum(act_HH_byBike) divided by sum(Job) within that geography. Values above 1 are above average and values below 1 are below average."
HH_byWalk_rel_Northern_Davis_County,"Relative access to households by walk vs Northern Davis County","Zone HH_byWalk divided by the Northern Davis County job-weighted average for HH_byWalk. The denominator is sum(act_HH_byWalk) divided by sum(Job) within that geography. Values above 1 are above average and values below 1 are below average."
Job_byAuto_rel_Northern_Salt_Lake_County,"Relative access to jobs by auto vs Northern Salt Lake County","Zone Job_byAuto divided by the Northern Salt Lake County household-weighted average for Job_byAuto. The denominator is sum(act_Job_byAuto) divided by sum(HH) within that geography. Values above 1 are above average and values below 1 are below average."
Job_byTran_rel_Northern_Salt_Lake_County,"Relative access to jobs by transit vs Northern Salt Lake County","Zone Job_byTran divided by the Northern Salt Lake County household-weighted average for Job_byTran. The denominator is sum(act_Job_byTran) divided by sum(HH) within that geography. Values above 1 are above average and values below 1 are below average."
Job_byBike_rel_Northern_Salt_Lake_County,"Relative access to jobs by bike vs Northern Salt Lake County","Zone Job_byBike divided by the Northern Salt Lake County household-weighted average for Job_byBike. The denominator is sum(act_Job_byBike) divided by sum(HH) within that geography. Values above 1 are above average and values below 1 are below average."
Job_byWalk_rel_Northern_Salt_Lake_County,"Relative access to jobs by walk vs Northern Salt Lake County","Zone Job_byWalk divided by the Northern Salt Lake County household-weighted average for Job_byWalk. The denominator is sum(act_Job_byWalk) divided by sum(HH) within that geography. Values above 1 are above average and values below 1 are below average."
HH_byAuto_rel_Northern_Salt_Lake_County,"Relative access to households by auto vs Northern Salt Lake County","Zone HH_byAuto divided by the Northern Salt Lake County job-weighted average for HH_byAuto. The denominator is sum(act_HH_byAuto) divided by sum(Job) within that geography. Values above 1 are above average and values below 1 are below average."
HH_byTran_rel_Northern_Salt_Lake_County,"Relative access to households by transit vs Northern Salt Lake County","Zone HH_byTran divided by the Northern Salt Lake County job-weighted average for HH_byTran. The denominator is sum(act_HH_byTran) divided by sum(Job) within that geography. Values above 1 are above average and values below 1 are below average."
HH_byBike_rel_Northern_Salt_Lake_County,"Relative access to households by bike vs Northern Salt Lake County","Zone HH_byBike divided by the Northern Salt Lake County job-weighted average for HH_byBike. The denominator is sum(act_HH_byBike) divided by sum(Job) within that geography. Values above 1 are above average and values below 1 are below average."
HH_byWalk_rel_Northern_Salt_Lake_County,"Relative access to households by walk vs Northern Salt Lake County","Zone HH_byWalk divided by the Northern Salt Lake County job-weighted average for HH_byWalk. The denominator is sum(act_HH_byWalk) divided by sum(Job) within that geography. Values above 1 are above average and values below 1 are below average."
Job_byAuto_rel_Northern_Weber_County,"Relative access to jobs by auto vs Northern Weber County","Zone Job_byAuto divided by the Northern Weber County household-weighted average for Job_byAuto. The denominator is sum(act_Job_byAuto) divided by sum(HH) within that geography. Values above 1 are above average and values below 1 are below average."
Job_byTran_rel_Northern_Weber_County,"Relative access to jobs by transit vs Northern Weber County","Zone Job_byTran divided by the Northern Weber County household-weighted average for Job_byTran. The denominator is sum(act_Job_byTran) divided by sum(HH) within that geography. Values above 1 are above average and values below 1 are below average."
Job_byBike_rel_Northern_Weber_County,"Relative access to jobs by bike vs Northern Weber County","Zone Job_byBike divided by the Northern Weber County household-weighted average for Job_byBike. The denominator is sum(act_Job_byBike) divided by sum(HH) within that geography. Values above 1 are above average and values below 1 are below average."
Job_byWalk_rel_Northern_Weber_County,"Relative access to jobs by walk vs Northern Weber County","Zone Job_byWalk divided by the Northern Weber County household-weighted average for Job_byWalk. The denominator is sum(act_Job_byWalk) divided by sum(HH) within that geography. Values above 1 are above average and values below 1 are below average."
HH_byAuto_rel_Northern_Weber_County,"Relative access to households by auto vs Northern Weber County","Zone HH_byAuto divided by the Northern Weber County job-weighted average for HH_byAuto. The denominator is sum(act_HH_byAuto) divided by sum(Job) within that geography. Values above 1 are above average and values below 1 are below average."
HH_byTran_rel_Northern_Weber_County,"Relative access to households by transit vs Northern Weber County","Zone HH_byTran divided by the Northern Weber County job-weighted average for HH_byTran. The denominator is sum(act_HH_byTran) divided by sum(Job) within that geography. Values above 1 are above average and values below 1 are below average."
HH_byBike_rel_Northern_Weber_County,"Relative access to households by bike vs Northern Weber County","Zone HH_byBike divided by the Northern Weber County job-weighted average for HH_byBike. The denominator is sum(act_HH_byBike) divided by sum(Job) within that geography. Values above 1 are above average and values below 1 are below average."
HH_byWalk_rel_Northern_Weber_County,"Relative access to households by walk vs Northern Weber County","Zone HH_byWalk divided by the Northern Weber County job-weighted average for HH_byWalk. The denominator is sum(act_HH_byWalk) divided by sum(Job) within that geography. Values above 1 are above average and values below 1 are below average."
Job_byAuto_rel_South_Utah_County,"Relative access to jobs by auto vs South Utah County","Zone Job_byAuto divided by the South Utah County household-weighted average for Job_byAuto. The denominator is sum(act_Job_byAuto) divided by sum(HH) within that geography. Values above 1 are above average and values below 1 are below average."
Job_byTran_rel_South_Utah_County,"Relative access to jobs by transit vs South Utah County","Zone Job_byTran divided by the South Utah County household-weighted average for Job_byTran. The denominator is sum(act_Job_byTran) divided by sum(HH) within that geography. Values above 1 are above average and values below 1 are below average."
Job_byBike_rel_South_Utah_County,"Relative access to jobs by bike vs South Utah County","Zone Job_byBike divided by the South Utah County household-weighted average for Job_byBike. The denominator is sum(act_Job_byBike) divided by sum(HH) within that geography. Values above 1 are above average and values below 1 are below average."
Job_byWalk_rel_South_Utah_County,"Relative access to jobs by walk vs South Utah County","Zone Job_byWalk divided by the South Utah County household-weighted average for Job_byWalk. The denominator is sum(act_Job_byWalk) divided by sum(HH) within that geography. Values above 1 are above average and values below 1 are below average."
HH_byAuto_rel_South_Utah_County,"Relative access to households by auto vs South Utah County","Zone HH_byAuto divided by the South Utah County job-weighted average for HH_byAuto. The denominator is sum(act_HH_byAuto) divided by sum(Job) within that geography. Values above 1 are above average and values below 1 are below average."
HH_byTran_rel_South_Utah_County,"Relative access to households by transit vs South Utah County","Zone HH_byTran divided by the South Utah County job-weighted average for HH_byTran. The denominator is sum(act_HH_byTran) divided by sum(Job) within that geography. Values above 1 are above average and values below 1 are below average."
HH_byBike_rel_South_Utah_County,"Relative access to households by bike vs South Utah County","Zone HH_byBike divided by the South Utah County job-weighted average for HH_byBike. The denominator is sum(act_HH_byBike) divided by sum(Job) within that geography. Values above 1 are above average and values below 1 are below average."
HH_byWalk_rel_South_Utah_County,"Relative access to households by walk vs South Utah County","Zone HH_byWalk divided by the South Utah County job-weighted average for HH_byWalk. The denominator is sum(act_HH_byWalk) divided by sum(Job) within that geography. Values above 1 are above average and values below 1 are below average."
Job_byAuto_rel_Southeast_Salt_Lake_County,"Relative access to jobs by auto vs Southeast Salt Lake County","Zone Job_byAuto divided by the Southeast Salt Lake County household-weighted average for Job_byAuto. The denominator is sum(act_Job_byAuto) divided by sum(HH) within that geography. Values above 1 are above average and values below 1 are below average."
Job_byTran_rel_Southeast_Salt_Lake_County,"Relative access to jobs by transit vs Southeast Salt Lake County","Zone Job_byTran divided by the Southeast Salt Lake County household-weighted average for Job_byTran. The denominator is sum(act_Job_byTran) divided by sum(HH) within that geography. Values above 1 are above average and values below 1 are below average."
Job_byBike_rel_Southeast_Salt_Lake_County,"Relative access to jobs by bike vs Southeast Salt Lake County","Zone Job_byBike divided by the Southeast Salt Lake County household-weighted average for Job_byBike. The denominator is sum(act_Job_byBike) divided by sum(HH) within that geography. Values above 1 are above average and values below 1 are below average."
Job_byWalk_rel_Southeast_Salt_Lake_County,"Relative access to jobs by walk vs Southeast Salt Lake County","Zone Job_byWalk divided by the Southeast Salt Lake County household-weighted average for Job_byWalk. The denominator is sum(act_Job_byWalk) divided by sum(HH) within that geography. Values above 1 are above average and values below 1 are below average."
HH_byAuto_rel_Southeast_Salt_Lake_County,"Relative access to households by auto vs Southeast Salt Lake County","Zone HH_byAuto divided by the Southeast Salt Lake County job-weighted average for HH_byAuto. The denominator is sum(act_HH_byAuto) divided by sum(Job) within that geography. Values above 1 are above average and values below 1 are below average."
HH_byTran_rel_Southeast_Salt_Lake_County,"Relative access to households by transit vs Southeast Salt Lake County","Zone HH_byTran divided by the Southeast Salt Lake County job-weighted average for HH_byTran. The denominator is sum(act_HH_byTran) divided by sum(Job) within that geography. Values above 1 are above average and values below 1 are below average."
HH_byBike_rel_Southeast_Salt_Lake_County,"Relative access to households by bike vs Southeast Salt Lake County","Zone HH_byBike divided by the Southeast Salt Lake County job-weighted average for HH_byBike. The denominator is sum(act_HH_byBike) divided by sum(Job) within that geography. Values above 1 are above average and values below 1 are below average."
HH_byWalk_rel_Southeast_Salt_Lake_County,"Relative access to households by walk vs Southeast Salt Lake County","Zone HH_byWalk divided by the Southeast Salt Lake County job-weighted average for HH_byWalk. The denominator is sum(act_HH_byWalk) divided by sum(Job) within that geography. Values above 1 are above average and values below 1 are below average."
Job_byAuto_rel_Southern_Davis_County,"Relative access to jobs by auto vs Southern Davis County","Zone Job_byAuto divided by the Southern Davis County household-weighted average for Job_byAuto. The denominator is sum(act_Job_byAuto) divided by sum(HH) within that geography. Values above 1 are above average and values below 1 are below average."
Job_byTran_rel_Southern_Davis_County,"Relative access to jobs by transit vs Southern Davis County","Zone Job_byTran divided by the Southern Davis County household-weighted average for Job_byTran. The denominator is sum(act_Job_byTran) divided by sum(HH) within that geography. Values above 1 are above average and values below 1 are below average."
Job_byBike_rel_Southern_Davis_County,"Relative access to jobs by bike vs Southern Davis County","Zone Job_byBike divided by the Southern Davis County household-weighted average for Job_byBike. The denominator is sum(act_Job_byBike) divided by sum(HH) within that geography. Values above 1 are above average and values below 1 are below average."
Job_byWalk_rel_Southern_Davis_County,"Relative access to jobs by walk vs Southern Davis County","Zone Job_byWalk divided by the Southern Davis County household-weighted average for Job_byWalk. The denominator is sum(act_Job_byWalk) divided by sum(HH) within that geography. Values above 1 are above average and values below 1 are below average."
HH_byAuto_rel_Southern_Davis_County,"Relative access to households by auto vs Southern Davis County","Zone HH_byAuto divided by the Southern Davis County job-weighted average for HH_byAuto. The denominator is sum(act_HH_byAuto) divided by sum(Job) within that geography. Values above 1 are above average and values below 1 are below average."
HH_byTran_rel_Southern_Davis_County,"Relative access to households by transit vs Southern Davis County","Zone HH_byTran divided by the Southern Davis County job-weighted average for HH_byTran. The denominator is sum(act_HH_byTran) divided by sum(Job) within that geography. Values above 1 are above average and values below 1 are below average."
HH_byBike_rel_Southern_Davis_County,"Relative access to households by bike vs Southern Davis County","Zone HH_byBike divided by the Southern Davis County job-weighted average for HH_byBike. The denominator is sum(act_HH_byBike) divided by sum(Job) within that geography. Values above 1 are above average and values below 1 are below average."
HH_byWalk_rel_Southern_Davis_County,"Relative access to households by walk vs Southern Davis County","Zone HH_byWalk divided by the Southern Davis County job-weighted average for HH_byWalk. The denominator is sum(act_HH_byWalk) divided by sum(Job) within that geography. Values above 1 are above average and values below 1 are below average."
Job_byAuto_rel_Southern_Weber_County,"Relative access to jobs by auto vs Southern Weber County","Zone Job_byAuto divided by the Southern Weber County household-weighted average for Job_byAuto. The denominator is sum(act_Job_byAuto) divided by sum(HH) within that geography. Values above 1 are above average and values below 1 are below average."
Job_byTran_rel_Southern_Weber_County,"Relative access to jobs by transit vs Southern Weber County","Zone Job_byTran divided by the Southern Weber County household-weighted average for Job_byTran. The denominator is sum(act_Job_byTran) divided by sum(HH) within that geography. Values above 1 are above average and values below 1 are below average."
Job_byBike_rel_Southern_Weber_County,"Relative access to jobs by bike vs Southern Weber County","Zone Job_byBike divided by the Southern Weber County household-weighted average for Job_byBike. The denominator is sum(act_Job_byBike) divided by sum(HH) within that geography. Values above 1 are above average and values below 1 are below average."
Job_byWalk_rel_Southern_Weber_County,"Relative access to jobs by walk vs Southern Weber County","Zone Job_byWalk divided by the Southern Weber County household-weighted average for Job_byWalk. The denominator is sum(act_Job_byWalk) divided by sum(HH) within that geography. Values above 1 are above average and values below 1 are below average."
HH_byAuto_rel_Southern_Weber_County,"Relative access to households by auto vs Southern Weber County","Zone HH_byAuto divided by the Southern Weber County job-weighted average for HH_byAuto. The denominator is sum(act_HH_byAuto) divided by sum(Job) within that geography. Values above 1 are above average and values below 1 are below average."
HH_byTran_rel_Southern_Weber_County,"Relative access to households by transit vs Southern Weber County","Zone HH_byTran divided by the Southern Weber County job-weighted average for HH_byTran. The denominator is sum(act_HH_byTran) divided by sum(Job) within that geography. Values above 1 are above average and values below 1 are below average."
HH_byBike_rel_Southern_Weber_County,"Relative access to households by bike vs Southern Weber County","Zone HH_byBike divided by the Southern Weber County job-weighted average for HH_byBike. The denominator is sum(act_HH_byBike) divided by sum(Job) within that geography. Values above 1 are above average and values below 1 are below average."
HH_byWalk_rel_Southern_Weber_County,"Relative access to households by walk vs Southern Weber County","Zone HH_byWalk divided by the Southern Weber County job-weighted average for HH_byWalk. The denominator is sum(act_HH_byWalk) divided by sum(Job) within that geography. Values above 1 are above average and values below 1 are below average."
Job_byAuto_rel_Southwest_Salt_Lake_County,"Relative access to jobs by auto vs Southwest Salt Lake County","Zone Job_byAuto divided by the Southwest Salt Lake County household-weighted average for Job_byAuto. The denominator is sum(act_Job_byAuto) divided by sum(HH) within that geography. Values above 1 are above average and values below 1 are below average."
Job_byTran_rel_Southwest_Salt_Lake_County,"Relative access to jobs by transit vs Southwest Salt Lake County","Zone Job_byTran divided by the Southwest Salt Lake County household-weighted average for Job_byTran. The denominator is sum(act_Job_byTran) divided by sum(HH) within that geography. Values above 1 are above average and values below 1 are below average."
Job_byBike_rel_Southwest_Salt_Lake_County,"Relative access to jobs by bike vs Southwest Salt Lake County","Zone Job_byBike divided by the Southwest Salt Lake County household-weighted average for Job_byBike. The denominator is sum(act_Job_byBike) divided by sum(HH) within that geography. Values above 1 are above average and values below 1 are below average."
Job_byWalk_rel_Southwest_Salt_Lake_County,"Relative access to jobs by walk vs Southwest Salt Lake County","Zone Job_byWalk divided by the Southwest Salt Lake County household-weighted average for Job_byWalk. The denominator is sum(act_Job_byWalk) divided by sum(HH) within that geography. Values above 1 are above average and values below 1 are below average."
HH_byAuto_rel_Southwest_Salt_Lake_County,"Relative access to households by auto vs Southwest Salt Lake County","Zone HH_byAuto divided by the Southwest Salt Lake County job-weighted average for HH_byAuto. The denominator is sum(act_HH_byAuto) divided by sum(Job) within that geography. Values above 1 are above average and values below 1 are below average."
HH_byTran_rel_Southwest_Salt_Lake_County,"Relative access to households by transit vs Southwest Salt Lake County","Zone HH_byTran divided by the Southwest Salt Lake County job-weighted average for HH_byTran. The denominator is sum(act_HH_byTran) divided by sum(Job) within that geography. Values above 1 are above average and values below 1 are below average."
HH_byBike_rel_Southwest_Salt_Lake_County,"Relative access to households by bike vs Southwest Salt Lake County","Zone HH_byBike divided by the Southwest Salt Lake County job-weighted average for HH_byBike. The denominator is sum(act_HH_byBike) divided by sum(Job) within that geography. Values above 1 are above average and values below 1 are below average."
HH_byWalk_rel_Southwest_Salt_Lake_County,"Relative access to households by walk vs Southwest Salt Lake County","Zone HH_byWalk divided by the Southwest Salt Lake County job-weighted average for HH_byWalk. The denominator is sum(act_HH_byWalk) divided by sum(Job) within that geography. Values above 1 are above average and values below 1 are below average."
Job_byAuto_rel_West_Utah_County,"Relative access to jobs by auto vs West Utah County","Zone Job_byAuto divided by the West Utah County household-weighted average for Job_byAuto. The denominator is sum(act_Job_byAuto) divided by sum(HH) within that geography. Values above 1 are above average and values below 1 are below average."
Job_byTran_rel_West_Utah_County,"Relative access to jobs by transit vs West Utah County","Zone Job_byTran divided by the West Utah County household-weighted average for Job_byTran. The denominator is sum(act_Job_byTran) divided by sum(HH) within that geography. Values above 1 are above average and values below 1 are below average."
Job_byBike_rel_West_Utah_County,"Relative access to jobs by bike vs West Utah County","Zone Job_byBike divided by the West Utah County household-weighted average for Job_byBike. The denominator is sum(act_Job_byBike) divided by sum(HH) within that geography. Values above 1 are above average and values below 1 are below average."
Job_byWalk_rel_West_Utah_County,"Relative access to jobs by walk vs West Utah County","Zone Job_byWalk divided by the West Utah County household-weighted average for Job_byWalk. The denominator is sum(act_Job_byWalk) divided by sum(HH) within that geography. Values above 1 are above average and values below 1 are below average."
HH_byAuto_rel_West_Utah_County,"Relative access to households by auto vs West Utah County","Zone HH_byAuto divided by the West Utah County job-weighted average for HH_byAuto. The denominator is sum(act_HH_byAuto) divided by sum(Job) within that geography. Values above 1 are above average and values below 1 are below average."
HH_byTran_rel_West_Utah_County,"Relative access to households by transit vs West Utah County","Zone HH_byTran divided by the West Utah County job-weighted average for HH_byTran. The denominator is sum(act_HH_byTran) divided by sum(Job) within that geography. Values above 1 are above average and values below 1 are below average."
HH_byBike_rel_West_Utah_County,"Relative access to households by bike vs West Utah County","Zone HH_byBike divided by the West Utah County job-weighted average for HH_byBike. The denominator is sum(act_HH_byBike) divided by sum(Job) within that geography. Values above 1 are above average and values below 1 are below average."
HH_byWalk_rel_West_Utah_County,"Relative access to households by walk vs West Utah County","Zone HH_byWalk divided by the West Utah County job-weighted average for HH_byWalk. The denominator is sum(act_HH_byWalk) divided by sum(Job) within that geography. Values above 1 are above average and values below 1 are below average."
Job_byAuto_rel_Region,"Relative access to jobs by auto vs Region","Zone Job_byAuto divided by the Region household-weighted average for Job_byAuto. The denominator is sum(act_Job_byAuto) divided by sum(HH) for all zones in the file. Values above 1 are above average and values below 1 are below average."
Job_byTran_rel_Region,"Relative access to jobs by transit vs Region","Zone Job_byTran divided by the Region household-weighted average for Job_byTran. The denominator is sum(act_Job_byTran) divided by sum(HH) for all zones in the file. Values above 1 are above average and values below 1 are below average."
Job_byBike_rel_Region,"Relative access to jobs by bike vs Region","Zone Job_byBike divided by the Region household-weighted average for Job_byBike. The denominator is sum(act_Job_byBike) divided by sum(HH) for all zones in the file. Values above 1 are above average and values below 1 are below average."
Job_byWalk_rel_Region,"Relative access to jobs by walk vs Region","Zone Job_byWalk divided by the Region household-weighted average for Job_byWalk. The denominator is sum(act_Job_byWalk) divided by sum(HH) for all zones in the file. Values above 1 are above average and values below 1 are below average."
HH_byAuto_rel_Region,"Relative access to households by auto vs Region","Zone HH_byAuto divided by the Region job-weighted average for HH_byAuto. The denominator is sum(act_HH_byAuto) divided by sum(Job) for all zones in the file. Values above 1 are above average and values below 1 are below average."
HH_byTran_rel_Region,"Relative access to households by transit vs Region","Zone HH_byTran divided by the Region job-weighted average for HH_byTran. The denominator is sum(act_HH_byTran) divided by sum(Job) for all zones in the file. Values above 1 are above average and values below 1 are below average."
HH_byBike_rel_Region,"Relative access to households by bike vs Region","Zone HH_byBike divided by the Region job-weighted average for HH_byBike. The denominator is sum(act_HH_byBike) divided by sum(Job) for all zones in the file. Values above 1 are above average and values below 1 are below average."
HH_byWalk_rel_Region,"Relative access to households by walk vs Region","Zone HH_byWalk divided by the Region job-weighted average for HH_byWalk. The denominator is sum(act_HH_byWalk) divided by sum(Job) for all zones in the file. Values above 1 are above average and values below 1 are below average."
